Time,Temperature,Voltage,Vibration,Pressure,Failure
0,76.49014245903369,12.699677718293001,0.2324821725025618,31.18438488424522,0.0
1,74.58520709648644,12.462316841456385,0.2855481329284482,33.279229978440995,0.0
2,76.94306561430207,12.029815184960087,0.22075800790000386,34.17278893315671,0.0
3,79.56908956922408,11.676531611147213,0.26920384703609596,38.77537531468038,0.0
4,74.29753987583,12.349111656806794,0.11063853330462142,36.11310624906751,0.0
5,74.29758912915246,12.196742692710874,0.32132937073729384,32.32903686180022,0.0
6,79.73763844652217,12.447596610013866,0.3001205475362224,35.972072578835274,0.0
7,77.30230418745873,12.317585900840985,0.21829113689318091,31.90539202212327,0.0
8,73.59157684219514,12.524776357659668,0.3659245668432405,37.16538210777415,0.0
9,76.6276801307579,11.732382394219716,0.3937570137626558,34.057750696364245,0.0
10,73.60974692156262,12.658697032817162,0.13924401356310256,34.812727622521656,0.0
11,84.60281073928923,8.0987998023462,1.4860887358505512,40.11067417875202,1.0
12,75.7258868146981,13.037630436312632,0.22308576502127014,32.4256728628315,0.0
13,69.2601592660266,11.655406090955216,0.2060096898891135,32.20576362977402,0.0
14,69.8252465024609,12.867981901582624,0.3829474841931748,33.83280134730799,0.0
15,73.31313741227709,12.098955391731323,0.28061738612271964,37.076757702038634,0.0
16,71.96150663899672,11.674290998192776,0.2735485158689389,31.961307849046314,0.0
17,75.94274199778582,11.758057082972838,0.09961376355932464,29.33568880377886,0.0
18,72.27592777343636,11.83982634590284,0.36354180302092265,34.097682283182,0.0
19,70.76308889599413,12.212082973200959,0.17607416051465274,36.10348159982184,0.0
20,79.39694630676466,12.26141774401775,0.3059932630266328,37.40052349947766,0.0
21,74.3226710985404,11.71314999803071,0.3277376937958192,34.073677275829205,0.0
22,91.20258461406377,9.987822703869508,1.4708653258650575,33.93515069135403,1.0
23,70.72575544135962,13.071135179305932,0.16911796008808877,37.30780146851149,0.0
24,73.36685182642445,12.863771585050356,-0.001951215582082555,31.260516600609158,0.0
25,75.3327677691296,12.218161834837016,0.31838495447536946,34.22295844963398,0.0
26,71.54701926773309,12.0190017390841,0.48005111815108537,35.380847779850114,0.0
27,76.12709405503702,12.060015663359131,0.4238946352939437,35.89843744257007,0.0
28,73.19808393024358,12.306758986365208,0.32096594152746255,33.980386613618236,0.0
29,74.12491875062017,11.488603717400798,0.25083638143679526,35.06888202341168,0.0
30,73.19488016331181,11.871311731288328,0.380712259663731,30.02334529317402,0.0
31,80.55683455352681,11.165707963061205,0.20264538002955312,33.683503175332305,0.0
32,74.9595083257862,12.199611561302639,0.3476357769356219,35.90701742510893,0.0
33,81.8268672131323,9.32359796985137,0.9948590596041442,34.76012190710588,1.0
34,77.46763473630956,11.758406768850312,0.40602099074988796,35.117968443179194,0.0
35,71.33746905008694,12.786993381645017,0.5759660038911077,35.893745001605396,0.0
36,75.62659078501427,11.387117168498829,0.3392415967178767,34.31490159828447,0.0
37,69.12098962836068,11.26781255989509,0.24910363742925012,35.34092754199314,0.0
38,71.01544185330471,12.112225909279987,0.29744256878080055,33.07453486943078,0.0
39,75.59058370760737,12.523549151306078,0.12309240951108816,34.586777440607904,0.0
40,77.21539973998622,12.841963845728934,0.23052868689109418,36.220432339178444,0.0
41,75.51410484356991,11.77055786856553,0.2590717561886896,35.31394592193687,0.0
42,74.65305515283528,12.539340416715648,0.24759116020654073,33.82693746087213,0.0
43,74.09668891323213,11.980745765249646,0.3152354872033722,35.448432808581586,0.0
44,70.56443402889772,11.91368635002959,0.21775800676177992,36.42921958127324,0.0
45,72.84046737481587,12.441829968743336,0.4121030667324471,30.900117442845044,0.0
46,73.61808368712063,12.32616143920671,0.3000207064918197,37.3181481299118,0.0
47,78.17136667865675,11.211803921507876,0.29906996788613854,34.32749052263786,0.0
48,76.03085486870539,12.738270174862947,0.2672105283487082,35.85097986648046,0.0
49,69.7108795339118,12.690045677073726,0.3155190683858979,37.394493847290455,0.0
50,75.97225190818439,11.687218649245235,0.38250982646676346,32.25665260553907,0.0
51,73.84475315875105,12.197901766718704,0.21328697842890995,33.58111799514491,0.0
52,72.96923399908212,12.24701509314137,0.23418835109247432,34.42290260824859,0.0
53,76.8350288665226,12.130336882911953,0.2696273971223335,33.432492957751144,0.0
54,78.09299856748785,11.72484742307729,0.1654129076526785,38.46987315167362,0.0
55,77.7938403573486,11.664188316030975,0.2180742140278502,33.28645581234642,0.0
56,72.48234743033208,11.987222964504276,0.2523779126455341,33.888906441026265,0.0
57,74.07236287244636,12.586364509629682,0.38743891807127273,35.40877806320595,0.0
58,75.9937902942107,12.271800077297216,0.3262561329001925,32.595700947847824,0.0
59,95.92663538136708,7.814692833956947,1.2367419329372278,38.58262389594339,1.0
60,73.56247728646413,12.385849355324172,0.38508979621679723,35.63490652250035,0.0
61,74.44302307000855,10.575728689684961,0.2862628211600603,34.33427919123498,0.0
62,71.68099507798192,12.574382850186051,0.3390464849928889,34.813226282200105,0.0
63,71.411380127758,11.13014311061095,0.28967782470675035,33.941335775103255,0.0
64,77.43757746718259,11.818779529298434,0.3265362349399628,31.971059381638465,0.0
65,79.06872008571247,11.440165052686929,0.2417241342388418,35.643186422678475,0.0
66,74.783969635259,11.352659262139547,0.056118284172357064,38.50986614329448,0.0
67,78.01059869367607,12.580413393689259,0.28657208378136956,35.036803261566874,0.0
68,76.0849080751429,11.766149399344055,0.442274813609994,35.450528234495096,0.0
69,73.06464073618463,12.173251940865358,0.39262154022415924,36.385445510233716,0.0
70,76.08418681652525,11.976539710560408,0.39653974845911705,32.4613390069066,0.0
71,79.61410969939791,12.23852041361156,0.4236130721806218,38.40502931625921,0.0
72,74.89252188267015,12.038410945530128,0.3088657590961437,35.4046575928456,0.0
73,79.69393096744201,11.358503887905716,0.3197315707405596,38.263713798178216,0.0
74,67.14076468773077,12.49813340972357,0.23823481045656497,33.53393400895202,0.0
75,77.46570751312566,11.753121708419343,0.268392714397295,38.63612384511565,0.0
76,75.26114120471452,11.221709050670125,0.36157711497711414,36.55031098806957,0.0
77,74.1029779486024,11.785942419517044,0.4203884437168816,36.10608017170472,0.0
78,75.27528232960651,12.750379895317156,0.28605537243190005,35.468048908706294,0.0
79,69.03729325619732,12.425110871056747,0.2549810735148588,34.5029427638511,0.0
80,74.34098433648747,11.82567393279607,0.3000527958856597,37.40106331694774,0.0
81,76.07133771453523,11.825371147840785,0.3601206748929115,35.280719739696096,0.0
82,98.43368213422455,8.83918247439131,1.4687565228683712,26.773941962094145,1.0
83,73.44518934517906,13.038373991780421,0.07038190468627617,32.76562707658599,0.0
84,72.57451919132043,12.190967726115776,0.24494631505084163,34.628308495614505,0.0
85,73.49472886924639,12.215020823595534,0.1779287574085841,35.61999796633111,0.0
86,77.74620635310622,12.515141727015921,0.2491859802352689,34.88682302220021,0.0
87,75.98625332897905,12.119394579513257,0.28522196811825284,37.437941579587324,0.0
88,73.41071938869888,11.870478927089648,0.25467515909769867,31.09779627192275,0.0
89,76.53980229934007,11.901825075457511,0.44524675344707454,35.28717587301032,0.0
90,75.29123264804412,11.964199370292969,0.332674476460232,31.36404154922569,0.0
91,77.90593497159867,11.98138888174508,0.3300474359610828,36.519424590968335,0.0
92,72.89384071836794,12.36381477181849,0.36222071440434017,34.811082571115996,0.0
93,74.01701356020669,12.02597294290365,0.18611668822192307,35.83921994404824,0.0
94,73.82367554060353,12.366320038607789,0.40391117874202687,33.27223407882047,0.0
95,70.60945515560364,11.959641709945709,0.292423571346454,37.558929863315505,0.0
96,75.88836083119372,12.039317595158046,0.36704806172412124,37.0834493281177,0.0
97,75.78316581653966,11.000899657733946,0.19281427669598444,36.167088606023775,0.0
98,75.01534036992739,12.458163837351242,0.14462412339839353,34.74096550627312,0.0
99,74.29623859987456,12.173244237948996,0.3817889658025029,36.15971457059027,0.0
100,70.75388777384876,12.499005054929826,0.33764095260975163,33.5862148640253,0.0
101,73.73806403170393,10.551872310903155,0.20979484456424896,36.711111318041425,0.0
102,73.9718564504197,13.044187352390363,0.21303369187253055,38.298961788647844,0.0
103,85.59316819233514,9.930205185922413,0.9292150290411101,30.987536575645386,1.0
104,74.51614286500197,12.554091408368759,0.18105881071326718,33.54079506038518,0.0
105,76.21215257044362,11.480047036437234,0.46426729532559635,35.7228346345462,0.0
106,80.65855770363159,12.306386952531286,0.2099379265352131,32.413716912482705,0.0
107,75.52373343849551,11.473292218413173,0.3638391925608383,36.14478062235135,0.0
108,75.7726511721683,11.688115519652097,0.2671381524251015,35.901206825725076,0.0
109,74.7766622527015,12.957015676933393,0.3603187431082343,31.26036732093567,0.0
110,69.24368635410288,11.904658799618327,0.24558859978858072,32.67643231217527,0.0
111,74.92045837365235,12.108716436589862,0.28372070939277055,34.43372220651246,0.0
112,94.18069062982308,10.435033865344376,1.4341105981583993,33.42088190167517,1.0
113,82.38972633745585,12.247840943986303,0.1997812544218527,32.58104612916239,0.0
114,74.42291710565664,12.075209452571789,0.37408243454201257,35.777957458704364,0.0
115,75.90464202700083,12.182480501233112,0.24867864335284146,35.50294721788102,0.0
116,74.89586469088427,13.201707792619137,0.2771400084659981,34.61146173604296,0.0
117,71.4939658871414,11.971190601483208,0.20056506253914874,33.488416999683274,0.0
118,78.42846844354506,12.100549523357484,0.04376663412046894,37.097414252833126,0.0
119,77.25579909806032,12.525327198003806,0.2808972237399831,38.31081422617659,0.0
120,77.37309584112914,12.552762966478992,0.5412615421612916,34.03287703230693,0.0
121,72.27183763561578,12.59351515278019,0.37846042878980235,33.77566616569036,0.0
122,79.20838293280829,12.319365111014593,0.2980739620265605,35.98241533082399,0.0
123,70.79444681162316,11.428497543634759,0.2737109170791732,34.283941240506024,0.0
124,76.76057128140081,12.816715766150548,0.3022465892812046,34.721205598673535,0.0
125,81.57136687742994,11.426827303490656,0.354711911517521,36.47930630344934,0.0
126,72.02839102460794,12.151317732619516,0.1819187184691155,31.181287824985414,0.0
127,73.30110681119169,11.622862074990321,0.4114321694668872,37.63660464970534,0.0
128,75.29895409526293,11.967930826703503,0.3715381315441244,35.145361048658685,0.0
129,73.4895730376514,12.16438120515174,0.3718185725707934,34.17701371087564,0.0
130,70.3480097068016,12.160678607725137,0.3438475738809727,34.821531691557105,0.0
131,75.20568892441808,12.210960377117642,0.301961665769399,34.924858710041036,0.0
132,71.81308885882169,12.806855634529324,0.367286123596682,31.53759739311015,0.0
133,76.42077729190555,12.22676715075699,0.3591814133741378,37.98987645490647,0.0
134,72.2417272972986,11.877921682354676,0.2645959289058976,35.082651264541234,0.0
135,79.64980321505261,12.48204358414418,0.2426398227103099,35.88600426089475,0.0
136,72.65024012299129,12.59473524446232,0.31018562952619866,36.90309954114809,0.0
137,74.03381545138298,11.386196092431504,0.4549020151495187,32.9576750848794,0.0
138,77.44055165210901,12.298700034924929,0.1760892924346099,35.94694379807046,0.0
139,71.30740705069813,12.35058637115545,0.15324747342475598,34.464717818202416,0.0
140,75.68237980381238,11.851218248320004,0.3164760841236517,36.69354155043299,0.0
141,78.92142826284729,12.68785340665581,0.3050887701856018,30.74554515929701,0.0
142,70.17755029631631,11.924972206483737,0.3173341664370408,34.80181139951746,0.0
143,75.55390157559691,12.062788226735771,0.32439531979085,33.79435868843208,0.0
144,75.77964838274526,11.913464087858065,0.2776797745365195,35.86452590126831,0.0
145,77.34546861533192,12.007789523790734,0.4489863438602082,35.940088374736405,0.0
146,71.28914786736576,11.4518624565524,0.13990960215234843,33.58474821035595,0.0
147,71.03863016074718,11.279974558702852,0.2171502975219754,33.57565227164791,0.0
148,76.5658246968507,12.797252531612486,0.28967452398509524,34.778669262885344,0.0
149,75.89095401969956,11.576519325840836,0.13568111888458326,33.20671554536958,0.0
150,75.75147855103764,11.504303825271846,0.28241455955679284,36.68396739090426,0.0
151,76.03934462849092,10.923304943198143,0.46614701657280183,34.26158559910511,0.0
152,72.95992583526453,11.680519126155248,0.3020886488295962,29.186023561356716,0.0
153,75.69676109148301,11.338455103296251,0.32307009057186836,34.25035588675639,0.0
154,75.87921741989604,12.821007580068185,0.17398352348274196,32.922912358312054,0.0
155,72.8569457459209,12.504908544671316,0.23836385919605224,31.73744836907811,0.0
156,80.59732353343426,11.655924827411138,0.26248036196760627,32.525146723554855,0.0
157,76.42149876273537,13.126217902672154,0.26822849032437657,35.21881694366594,0.0
158,71.42608950839205,12.490882743495797,0.4281643795003769,37.657281656496465,0.0
159,95.96966082590149,7.837584308245688,1.742364547574911,36.9434046959434,1.0
160,72.07595498931803,10.750297142563213,0.1888542043062968,33.78699322356852,0.0
161,77.36125381122736,13.14547128629537,0.3246504778432005,35.911808390341406,0.0
162,78.47578673702222,11.305213766618202,0.3498221748496785,34.08181937956201,0.0
163,72.53795304494487,11.177300626521554,0.41401490385212664,33.61079926167371,0.0
164,77.89012838773297,12.51128521600482,0.45805406865683734,32.69127466353403,0.0
165,76.23834278080949,13.219876203169637,0.1984905808172131,31.49634238649656,0.0
166,77.46618047998346,12.692136409255259,0.21891424887896616,34.220152586881106,0.0
167,80.69037894796185,12.281954560026179,0.17424221410853835,35.316106979840264,0.0
168,74.26383565199139,12.297377170832643,0.27659801408930185,34.80675265997022,0.0
169,72.73879150692753,12.426707779390155,0.34663583744463344,34.16806614410528,0.0
170,72.33145671112344,12.379464294893383,0.39873345165891017,33.10850787860644,0.0
171,72.55256914510369,12.140595711984687,0.29240489763574773,36.21649238336994,0.0
172,74.76869487175769,12.052100551975938,0.26801524767451557,32.36573616010683,0.0
173,76.02345592444993,11.96870343605024,0.31517579922487404,36.55205582768695,0.0
174,75.83007239799005,11.623017705566662,0.21648570983699766,32.99556596214655,0.0
175,77.48154974710808,11.859662461566613,0.5089538721694773,33.49512952529393,0.0
176,75.03900567563372,11.153521592902308,0.1392338972881941,32.066429618768645,0.0
177,79.36060223147194,11.950830186602625,0.31847405788957245,33.99719570622872,0.0
178,74.20602950028614,11.505704446424541,0.5023606219229639,36.95062491695596,0.0
179,83.16050749976885,11.448205341392114,0.30067998445599975,36.031256176887915,0.0
180,76.87700204329502,12.08994707557674,0.2809960964998505,36.95684422405607,0.0
181,72.42852733075115,12.6960011431723,0.26425545771895725,36.04428509186787,0.0
182,71.78732250581666,12.459158303001157,0.2819608318237592,32.792660342939264,0.0
183,76.44741724572955,11.214749698188411,0.437284847467653,34.33842155134489,0.0
184,74.32961164402245,11.50518593171483,0.0788138088670493,33.439601741765074,0.0
185,77.14200148227627,12.470385593994108,0.45334337012963255,37.66114980807808,0.0
186,76.41971287372064,11.508756303230845,0.15760428475498547,32.606422707147374,0.0
187,74.78151326202938,11.887683425001487,0.2733347670765585,36.78739537877822,0.0
188,72.45961884579478,12.275026049512276,0.2570755579701338,36.78590774021754,0.0
189,70.4554583259424,11.515827772568182,0.35885532697707195,38.65924040343217,0.0
190,73.66045514379894,12.05268775307298,0.14018756481162523,34.180626814741004,0.0
191,77.56919638297042,11.332987252540898,0.3462172666081943,36.42464431916032,0.0
192,75.64228123239062,11.699316178024393,0.5024309623286852,39.563303673077684,0.0
193,71.26278366386404,12.159890967071268,0.16368259954071893,33.764716646132605,0.0
194,75.51954277755354,11.203503133234165,0.31897061676103955,31.92991950493528,0.0
195,76.15595213918651,12.2202373689802,0.2338017822203391,31.239979932184472,0.0
196,72.3484276913966,11.99018110053666,0.34258872061930357,36.425424057722665,0.0
197,75.46117531783658,12.276244977208574,0.3019147777415752,31.23369958388283,0.0
198,75.174626155338,12.11195706703233,0.235851309095569,34.25536189412416,0.0
199,71.57108910650813,12.682070214986922,0.3487872284871074,35.87462637407792,0.0
200,76.07336208104485,12.062612251323953,0.4804348109786743,35.370351073659826,0.0
201,76.6823535791047,11.785297229437374,0.2809096208272701,35.850889728368344,0.0
202,78.24915372952583,12.061148751516141,0.3719757942148182,35.444579711601705,0.0
203,78.1614061561047,12.271649014518195,0.1706727042128836,37.55773162662679,0.0
204,70.86699189612872,12.024430035162853,0.2043563623181991,33.09536723852241,0.0
205,72.18652488025464,12.020295845601941,0.3472406277880377,33.64600972308294,0.0
206,76.54510580162598,11.649004156096622,0.4484116028535965,33.45468110945835,0.0
207,76.54135785273662,11.668549541224525,0.335561334878566,36.660383623725224,0.0
208,76.54514305891814,11.298697364100153,0.26869419694768454,36.80079717679013,0.0
209,86.55819447196416,12.87478837159347,0.2999291405423354,35.90245063863701,0.0
210,76.7126715320795,11.378068382304358,0.17495922660302823,37.36698733377985,0.0
211,78.40669692054179,11.653547401102045,0.36045153263553664,32.64391826524724,0.0
212,77.8620052904796,11.640796367215401,0.3882333062323409,38.33444822310227,0.0
213,76.95417375391739,12.44746218847222,0.25479096671669194,38.04647724342452,0.0
214,74.05419226607896,11.852525160853986,0.25299578522404986,36.471243994491495,0.0
215,77.2769076614798,12.623871036336867,0.32658782296520483,38.56359781754212,0.0
216,72.68152435638729,11.663254687878066,0.25632802639594043,31.686753584644453,0.0
217,74.28954417977997,12.139497081111902,0.29338673853741776,33.951103727474695,0.0
218,73.54390935651269,11.582326473370122,0.5099721789166516,33.5293930786361,0.0
219,75.24562241815897,13.072574563886693,0.2752974299254003,36.442958647514686,0.0
220,81.94397570002053,11.406200790485244,0.2641659847978778,32.89971852079571,0.0
221,69.39820442222475,12.154910355113513,0.23524581943648407,36.514990298674974,0.0
222,77.05878057112353,12.31688844046605,0.37441919714999367,37.741072287993426,0.0
223,70.16185238643105,12.20689954872575,0.2818775826781897,36.390405800168,0.0
224,73.5842044026317,11.907356170561146,0.23506269616785738,35.567502047323,0.0
225,78.2668517909021,11.935089650133287,0.43213040322730123,33.024253318198504,0.0
226,75.19284005728639,12.021905735989554,0.4419603004513637,33.30629806774927,0.0
227,71.76676566621208,11.926498999185755,0.23995764342612946,37.499237810593335,0.0
228,72.85408887222009,12.481939558397455,0.11334600486393837,36.55869800781066,0.0
229,77.03879324680403,13.105261500795676,0.40075136898369224,34.92196096124491,0.0
230,72.80890010484859,11.721254107496083,0.23153701742399957,34.16418090846822,0.0
231,75.64937576874593,11.315098510210461,0.37906255991627685,30.948384253777245,0.0
232,93.13671551971144,7.955858975824373,1.1090343106406528,33.519400964525346,1.0
233,73.04519895718255,13.289854668827159,0.3892597338299309,38.82283817427945,0.0
234,81.43183226797598,11.598162716015135,0.17888280707192186,32.43908885799507,0.0
235,76.90175706695403,12.819558402722034,0.3730764119066524,35.37895964244216,0.0
236,68.92457224002717,12.83885040703822,0.3014273067836434,37.014887946390395,0.0
237,75.55936294430828,11.723205879146002,0.2046060580603355,32.49015466399541,0.0
238,73.01464060569484,12.284491539592638,0.2592963687073219,35.36942094956217,0.0
239,77.55730000438867,12.814198311564269,0.3686318456956701,36.87583107502131,0.0
240,72.6224377847019,11.810436129506256,0.31058944531152344,35.0249986438145,0.0
241,74.6557906755993,11.89820981994882,0.35844129804724845,40.736806111333536,0.0
242,76.51496183694137,11.709159543025677,0.4976440584515486,31.66280148224361,0.0
243,88.59726558251036,7.492621634653567,1.0503495874009001,29.10037930532024,1.0
244,71.39911077883266,11.675361227466997,0.4617212574968624,34.65439652520707,0.0
245,73.99649629247716,11.388029866618872,0.31043559375232127,36.54384030967335,0.0
246,73.57516406651713,12.017041734129613,0.21012159516768716,35.88261430339849,0.0
247,73.04001230227887,11.615013384470679,0.166968637426101,33.53368760578001,0.0
248,80.29636272084329,12.116892955895374,0.28108796092229665,35.45799278491868,0.0
249,76.21494513288286,11.222052176898186,0.39216501119244596,31.284197097203425,0.0
250,71.21734813699487,12.165440116107229,0.28724508796224657,36.206495001142784,0.0
251,77.75358584116432,12.416764480804462,0.45111549302473475,35.59631693198105,0.0
252,94.3664685910379,9.003132178714273,0.8879013953916789,39.60546643118458,1.0
253,78.09739578165345,12.187028284923786,0.29879110521539454,37.1162366501743,0.0
254,70.44189010213796,12.613834496236645,0.17476065555868808,35.73523968041942,0.0
255,73.54729778140124,11.395179490654398,0.3363631882624968,35.29617883959655,0.0
256,78.80073344755986,12.836286193418852,0.38868873900973,33.23786332667741,0.0
257,72.87699160314367,12.209509504683023,0.2579238206318947,33.5755584727019,0.0
258,76.33145828443868,11.647494072120796,0.039578614337286544,37.37346924035466,0.0
259,77.32390216028801,11.972115461171146,0.3198948146796494,37.87267081141196,0.0
260,72.21920858526575,12.27916345626086,0.3436738551733509,34.52377912737589,0.0
261,74.82142393181459,12.038002695706206,0.34042947549616975,35.09200549450655,0.0
262,82.27619797979278,10.269377996223184,1.8833239406441846,34.04958013979902,1.0
263,71.92683707599713,11.539663203460316,0.1928946320350951,37.34551369053489,0.0
264,74.24229554582053,12.08468041201804,0.36802161054504495,36.33083364738356,0.0
265,71.25665045410545,11.29314275154751,0.4192507512477975,38.8824348729275,0.0
266,79.8972339117949,11.94438696932565,0.1221412415993483,33.24335384564052,0.0
267,70.7095758661181,11.548046179267605,0.3319651825918977,34.24398420196356,0.0
268,73.67986653990904,11.632235028705116,0.24958201689923284,35.462891845051146,0.0
269,75.39222173185827,12.61804658760522,0.2918477326898354,36.29297907545154,0.0
270,79.32381986719835,12.545655060297134,0.3347676483538336,34.568664724904735,0.0
271,70.69241354646168,12.304569060453588,0.2512771435886447,33.2540778190926,0.0
272,78.48949125646487,11.453843617663711,0.2324291920838388,36.76281505784714,0.0
273,75.03069918305876,11.8417957751526,0.30341524174880247,36.44227072509116,0.0
274,72.05547404685615,12.606548849989592,0.19127540611371974,33.16745179887255,0.0
275,76.38631042278982,12.070858456819952,0.19141748711148143,37.71088560221099,0.0
276,75.59717908672042,13.159664769990847,0.36793732829565035,37.34039741839321,0.0
277,73.19934936852361,12.196658919697185,0.18512059648413437,35.268592994495584,0.0
278,75.20940625497006,12.096024558245016,0.3666312500909212,35.159195724752074,0.0
279,73.84405920941472,11.84544176789875,0.3462591292853951,36.108115542231815,0.0
280,75.34055203575375,12.066770452391141,0.1274193271209403,33.276593859487484,0.0
281,76.98639202356314,11.923765081809728,0.23224353476643447,35.06006295832817,0.0
282,79.75805044843605,12.354054338344294,0.41941094030473725,30.69523291078164,0.0
283,71.28655350351946,12.478351158397292,0.20188344688603183,36.75291129100587,0.0
284,81.3991001239688,11.607005269746026,0.25355957376906124,31.87701355511628,0.0
285,69.1437366014325,11.334383523221112,0.34620608932518965,38.006839656858,0.0
286,74.54464471489325,11.081897313448351,0.37833905092825953,34.3397598120671,0.0
287,76.76495161945373,12.253995663456271,0.27484611139555043,34.576666036137645,0.0
288,75.8429756032051,11.448316696913063,0.24024898053083582,33.74453218783099,0.0
289,73.13190144053821,10.92355470352376,0.44223698616985074,34.42392225215585,0.0
290,74.37563324892817,12.194289302265481,0.4738899663797579,37.83706269029607,0.0
291,85.5209971960235,11.246499758716395,1.3532807103261204,28.151027306205197,1.0
292,73.23190572916737,11.996964544230053,0.3085318142565024,37.55393077217637,0.0
293,77.54880629106307,12.419245387225821,0.21917342783590735,35.676046962203415,0.0
294,76.07104645789514,12.040914679273783,0.21695555934434346,32.58595670428557,0.0
295,72.92127121421804,11.950555173404428,0.3522514105265757,32.849375213901524,0.0
296,77.69879962629975,12.459538241493885,0.3418398220888684,38.352786054416406,0.0
297,75.92189856262983,11.854862727905674,0.44015985929464296,33.10898624011454,0.0
298,77.43858635651688,12.133696157035951,0.36504500925361394,32.69329897880808,0.0
299,76.88888652577084,12.160848903098007,0.14969196982401817,37.27462908472946,0.0
300,72.51301496723379,11.665954773178475,0.40519476177229186,35.677105752571826,0.0
301,73.31945687940909,12.496021174768261,0.2001939372685587,33.124148846927206,0.0
302,77.24188081536978,11.912520121652296,0.2616028728047648,35.43324995080924,0.0
303,76.8311107963004,11.622127420253578,0.32502002062516944,32.948494632719445,0.0
304,74.93729521810755,12.268254921785202,0.4995667489783964,37.20164279684521,0.0
305,75.35198214992634,11.550766009104482,0.610991855600536,37.12274192974627,0.0
306,78.83299468736527,12.014090578684565,0.36067230591361826,36.064012397643886,0.0
307,73.2252858334925,11.995440501677898,0.2816803381279612,35.72332212249403,0.0
308,76.64129214351011,12.542947782915789,0.35345056484805504,38.52237624973475,0.0
309,74.39342204269832,12.237349116439976,0.3887655425873836,34.99937265477645,0.0
310,74.34695639031834,11.987486520627428,0.2679332374442808,32.6362517491584,0.0
311,78.29633055596157,12.408883149600143,0.4795211355912322,35.898947825664614,0.0
312,77.47624904696409,12.695103774508656,0.3230070759191402,39.17209409907423,0.0
313,77.44052890800191,12.27890515317593,0.3497743089091394,32.970481013628294,0.0
314,78.91643642146299,12.00517630992169,0.3665924252054461,34.27707446661203,0.0
315,75.06301152489827,11.34408188382492,0.34215866106144555,35.8328920762029,0.0
316,77.04585891388489,11.467443168462314,0.3838940500469612,34.89219030198852,0.0
317,74.06919973021964,11.847387647822666,0.23827468134530766,33.03539283924537,0.0
318,75.97249905746533,11.695243898920358,0.24416982460539693,37.24371571246094,0.0
319,74.60957083689695,11.906514348507278,0.18998457670283048,39.64008144403452,0.0
320,75.29098789497816,12.028324962448554,0.34395012306202266,35.39226291804781,0.0
321,76.78547107631074,12.264846377178365,0.3778936503512114,33.191863420528,0.0
322,72.54533795029958,11.964750610970455,0.3457772866151886,31.90207894989305,0.0
323,81.27716182705637,12.2432508219131,0.46744924333475374,35.515951962442365,0.0
324,71.98194785550089,12.03223720740506,0.29944039811709533,37.20775468663251,0.0
325,71.3574341616368,11.012266716823063,0.36687416555925123,35.95033549299076,0.0
326,78.4743326205002,11.530332303090622,0.19082991238606856,34.99519231816229,0.0
327,77.3749880818888,11.927956222139192,0.2612900297525599,33.821456696421386,0.0
328,76.87235945115647,11.395152628579446,0.3695537757565778,32.81567273456382,0.0
329,76.88503652779283,12.299964364998102,0.3849102110743144,36.66950265264976,0.0
330,93.96325968145926,9.76537541617185,1.502822511545804,46.51906117029343,1.0
331,72.3082368855425,12.609380925848658,0.29284007481419333,31.908540426618533,0.0
332,75.22741367458119,11.893278564534896,0.14821262533191903,38.17967795636137,0.0
333,72.96851486546366,12.745363068424975,0.26429707991933904,36.148142441788,0.0
334,77.92535920025325,12.074333728601056,0.3890383163519786,37.79918929029159,0.0
335,74.55882785549359,11.83145701444098,0.3575205016106566,32.31574450302977,0.0
336,72.52350840962247,11.69329866822953,0.350066572138121,32.26835168916912,0.0
337,93.03584247504102,9.848765156755936,1.6013680913378048,34.305731685703165,1.0
338,76.23879436282687,11.805911590729385,0.30070631586281765,36.005568853790386,0.0
339,73.30882634158807,12.085208111187743,0.23396788605265528,38.59272164585393,0.0
340,72.5333388133007,12.080286990524932,0.36988284202025346,36.41215782763026,0.0
341,75.73106163447574,12.001523010076708,0.342097294438939,34.514637446375936,0.0
342,75.73489971332617,12.218469084873174,0.34920188479927994,32.94726158466822,0.0
343,73.47917047388661,12.595323137393171,0.24739651573324195,37.4600011454383,0.0
344,73.58688508314503,12.474777067720662,0.08466570801287554,33.07058914849857,0.0
345,94.6961498120729,8.257551015775048,1.505130072795478,37.974649233336905,1.0
346,70.65574697550802,10.723039432549022,0.2521162543991596,34.43123070078698,0.0
347,70.77760867687033,12.467159955619637,0.21372242359568794,38.1811641452357,0.0
348,72.8446673362427,11.31656065079229,0.3693478911913994,36.35786258011856,0.0
349,74.35965854486446,11.887617299053659,0.260798736008087,34.72600902111508,0.0
350,75.93272269679402,11.414943486970321,0.4059936384046622,33.96120725634775,0.0
351,79.42606865084866,11.09900978120999,0.36170059495766976,34.31818424530784,0.0
352,77.57297886960606,12.270731364102394,0.36835693232004774,35.856633384750474,0.0
353,74.52018441010972,12.379577580151324,0.16340442887994655,35.154312992435436,0.0
354,74.94295137629193,11.71174479963664,0.42119439853864005,33.81237718386259,0.0
355,71.99241190608657,10.704478853927546,0.3261250531233856,34.66873717936473,0.0
356,74.94446059202284,11.726877775873758,0.2630722860753797,35.1571540594383,0.0
357,74.13402408323958,12.195902002701274,0.3143388467342251,30.742531811170377,0.0
358,75.96815568101427,11.260544215612935,0.12237647671016799,35.9163362295774,0.0
359,72.51830716934303,12.091679959889579,0.3408652811480671,33.04055755056638,0.0
360,76.55803954272352,11.992345075413501,0.19706284918179284,32.69333519358851,0.0
361,79.59821673900774,12.289645749800544,0.16473297141564655,31.62531130577858,0.0
362,85.67371955462943,10.059790184207076,0.8842389936169054,26.32858674471571,1.0
363,76.20513516629683,11.513465529559221,0.4112688374989925,32.289104993775425,0.0
364,77.07043197513333,12.598285750832245,0.2370736606307211,33.58195808473902,0.0
365,73.7963385843425,11.920735213486514,0.4533727709916499,38.90651827505314,0.0
366,75.67227744543125,11.986347730245035,0.2464198536947702,33.94824064820959,0.0
367,75.03777720234538,11.533366020463403,0.1292642042407053,35.355500212536064,0.0
368,75.2930282956465,11.778358874404244,0.1883475560051341,35.80096277301266,0.0
369,72.6809706484336,11.55759864298655,0.42358116200069384,35.2621303724317,0.0
370,75.07353052277684,11.913526970038289,0.28441018220633324,34.84511307854801,0.0
371,76.49399487373636,12.85585424007117,0.24517127035093988,32.60941247280151,0.0
372,79.35343082338512,11.314049428534322,0.31600182258527876,37.90185509655842,0.0
373,77.87781247825562,11.19321930106163,0.35017827361675447,38.61439328727577,0.0
374,99.45954737253467,8.735585163746805,1.0556160369800263,30.572166515763406,1.0
375,72.69795731133586,11.895338161424068,0.4448499229892926,32.95194281822724,0.0
376,77.61696191016203,11.665463630670041,0.2640231354210914,34.44037931524599,0.0
377,75.55002601721506,12.519952343698039,0.16739523139179616,33.070924410179614,0.0
378,81.56940879965302,11.697192230131568,0.2586534838876724,36.01193110691173,0.0
379,72.57510514393455,12.913004856773469,0.3260280506582886,33.54345559518677,0.0
380,72.48083447345768,12.338962935669635,0.20362410737893888,39.330112135613206,0.0
381,73.20182206366793,11.756044295927149,0.2042849085104957,37.38109718868719,0.0
382,68.62831282707057,13.07865410663275,0.33437878815498856,35.42514806126443,0.0
383,73.42273493495772,11.697142538498332,0.29513476484295487,37.05397252663946,0.0
384,72.72260201533891,12.371047686004653,0.30327969954115863,37.21180084871462,0.0
385,75.45118135942862,12.149646290203245,0.22415046652999304,33.87210502388351,0.0
386,76.02526792733148,12.650870644699399,0.27695992857942325,33.36756551091607,0.0
387,80.62851251764766,12.780755598363426,0.20757668557316955,35.156286125939296,0.0
388,77.85127151455815,12.016002074532883,0.38901984111247867,36.72327224899589,0.0
389,73.2692890330128,11.623291064826908,0.4035249334723753,35.27812079730683,0.0
390,72.30475598595493,12.229986071469558,0.1153812137761906,31.846007035618005,0.0
391,76.47575751451951,11.661142315123946,0.20704891398075898,33.39435111209831,0.0
392,71.03930037893808,13.006693623763312,0.15034707449099208,34.852054272811245,0.0
393,80.49437629756306,12.068267665541368,0.23499760655931018,34.84866879134834,0.0
394,78.53832036216386,11.817339224343945,0.2916562030209639,38.94508435357962,0.0
395,73.59247304368589,12.092340152932454,0.15503547803014697,32.228024115202004,0.0
396,69.86059641272738,11.326436855235151,0.20781401868746868,36.01117848367175,0.0
397,79.06161712249624,11.514192980744674,0.19960426279185012,37.97822621665658,0.0
398,74.65638046424215,12.600206953972213,0.3207267329398944,39.54289949084559,0.0
399,78.71344893592038,11.671552860514302,0.30693443370362505,34.191205153632076,0.0
400,70.2167170236169,11.47654450865903,0.22782624466627466,35.9828589054404,0.0
401,73.20187493113868,12.268326376263643,0.3176820872139398,36.13952071439729,0.0
402,75.01573109915455,12.592852077331498,0.24533199154127344,35.39096346310658,0.0
403,75.14094178129423,12.359476655332534,0.27283448896739465,34.802309597521386,0.0
404,73.64980358556227,12.498023842902908,0.4673452090298537,35.871950779000095,0.0
405,95.86854979704249,7.621602455715269,1.7856275051962722,22.523120168894646,1.0
406,71.79713871185221,11.289094666629078,0.17004187630724021,36.36413898012526,0.0
407,86.57286154493612,10.750666825977744,1.2441893007637292,30.418364389875784,1.0
408,75.36088689513569,11.838660080578933,0.3811396554491592,34.55505020644347,0.0
409,76.54331650217625,11.874583491772476,0.18517367112473815,39.09372439143912,0.0
410,77.13484463426667,12.664097070924528,0.38187776437548604,33.6501319624189,0.0
411,71.62607372448639,12.27811500470033,0.4537931918412553,34.19384802186994,0.0
412,70.39765748779314,12.227943886040803,0.1877455193755586,38.98310660440947,0.0
413,78.83303046569553,13.082501172450542,0.2082497178985736,33.33587739030029,0.0
414,75.99694203593877,11.678240884809929,0.40176614668435023,33.899769434126924,0.0
415,72.75454039033033,12.463920064040618,0.3271495310825648,34.7059491531383,0.0
416,79.65345592656757,12.028506562448543,0.35514762752395235,36.681468964259096,0.0
417,75.34702390287858,12.134296139431628,0.3340589216400497,35.41560501470663,0.0
418,78.53789155219148,12.764234213206265,0.3390695920928144,32.41474930569547,0.0
419,75.20255544423033,12.253917878144811,0.16735278716889168,33.93566287374562,0.0
420,81.18224377464597,12.269148039524817,0.40473177066214483,33.785291133575576,0.0
421,80.26602252732961,12.5362536686549,0.41695899924277735,34.84555790955391,0.0
422,74.25310755456277,11.817523635228557,0.2770609255931972,35.85168731725966,0.0
423,77.91471285286306,11.580395166330497,0.2956523050186137,35.83641151177594,0.0
424,76.93612784875545,11.477595402989483,0.14688924974442777,31.447976491903194,0.0
425,79.10589467259705,11.016821705312,0.3514254756017835,37.12788197512171,0.0
426,72.10522961825968,13.028103564970161,0.3572057441714144,35.50513769199325,0.0
427,77.05815437999532,11.448395817139158,0.29378089830006887,37.769064095187815,0.0
428,78.17527346054877,11.889373188207115,0.4124353359870503,35.88839665458134,0.0
429,69.72378154073066,11.86159335005554,0.26659227690200593,37.20264591547152,0.0
430,71.45022446200268,12.15370334890455,0.35646059258936,35.93309062290025,0.0
431,82.88230346671969,9.407868606269648,1.3353357226688123,45.03268365061751,1.0
432,74.19177949666633,12.430236744179872,0.2976447849125762,36.04450127203556,0.0
433,77.15262676738789,11.70846128071553,0.2825645742097164,34.80416950711419,0.0
434,79.50707115628808,11.916439143106794,0.32253079220409414,39.54486944089376,0.0
435,75.22228434125932,12.141289975244149,0.26304730711666413,36.77807424455978,0.0
436,79.88584663671388,11.875654436908226,0.2868527404328332,36.147488842008826,0.0
437,70.85969562535533,12.803672788009996,0.3826047171441506,32.447391166923325,0.0
438,69.88985268193454,12.245487475819125,0.25632357627617824,32.423384765072925,0.0
439,74.83335690331015,12.367438893024909,0.13934228992613204,35.58543096428371,0.0
440,76.15219634681792,12.331440634333706,0.47495839042054205,35.29104239553648,0.0
441,87.90191575571772,9.586736928742663,1.5661758724385857,27.267454627650686,1.0
442,68.79767369988036,12.090510779351854,0.1707737304894381,35.28196539922412,0.0
443,74.73263988146164,11.351584026022076,0.3689707805245194,38.17725385608719,0.0
444,71.08659149848545,12.199843975876322,0.24970252294486567,36.3908049491006,0.0
445,77.00901764649012,11.674321553104086,0.32634872153310596,32.717982980494526,0.0
446,76.09979473829054,11.735691659125122,0.3294224129013494,34.77698234571411,0.0
447,72.18036064101793,12.293182009377547,0.2765592199683678,33.39006703829488,0.0
448,73.45839924798992,12.619141535716818,0.22162343344136032,34.22460016718288,0.0
449,71.82235943433315,12.010635788368031,0.23094589476837404,34.172768668740716,0.0
450,74.81196270818049,12.154416506299482,0.20838080845187573,34.04470883479199,0.0
451,77.86542696150372,12.851107472317619,0.2168177791769555,32.48972925605321,0.0
452,72.04282186099337,12.120376589744284,0.2932821709950645,34.74469063696362,0.0
453,76.51213954655353,13.300841557090198,0.2284240010889248,33.87878472630538,0.0
454,73.40922714488268,12.282754822815772,0.368205206571262,29.141102619995465,0.0
455,72.62138150321297,11.119618620422091,0.4487246155335927,39.10594404900333,0.0
456,74.67890892013632,12.376670810552266,0.2419946758629957,37.177539308433346,0.0
457,71.89427303274188,12.190579192441389,0.3239404500535377,34.24739855015001,0.0
458,73.33905208395845,12.644876377041372,0.34996851103029336,35.0376380994812,0.0
459,86.40636632223345,8.336590675634978,1.2698868467493531,31.03516380122325,1.0
460,80.89417539874917,11.930772008008113,0.30759552679160873,38.39144575562173,0.0
461,93.10579065591519,8.387850881855318,1.6103036422620376,35.50271365947316,1.0
462,72.90082347602224,11.895488371356988,0.3482248952680657,35.31338745649305,0.0
463,75.64193973220267,11.57473977289535,0.17623375776727018,37.04706128837069,0.0
464,74.66301585092751,11.709738275097639,0.3869156064389273,35.35057355786785,0.0
465,74.33709120140033,12.294289202210305,0.3887290837266742,32.32654912224814,0.0
466,76.84250010013028,12.834952252175704,0.22367138958214183,34.17635326207269,0.0
467,77.27252313014192,12.197335764911491,0.30379378354476017,35.263855933543915,0.0
468,73.40849655716842,11.402058468982407,0.3683328992811069,34.09090456251311,0.0
469,73.27254527806596,12.222301334110071,0.27906861804206384,34.56269344512993,0.0
470,74.17484490854507,12.598315743322825,0.40729780477660116,34.81720088498177,0.0
471,68.09423650579325,11.69510854784031,0.536387249461936,34.838243004269074,0.0
472,70.45442681340434,11.93299141666354,0.22140139673650175,35.104516980994966,0.0
473,79.10062280233358,12.007344097364598,0.1618955396846225,32.8787898672068,0.0
474,79.93490314050385,11.60755084345888,0.33038185956048755,33.56596770174413,0.0
475,74.25289188133087,12.32414021692193,0.37215625051261436,32.43083146860006,0.0
476,76.7296708891673,11.93952592569611,0.2769133626155231,36.955631099372404,0.0
477,75.9337504636306,12.209766221953513,0.4453260663321034,30.78870611631935,0.0
478,84.23664242536572,11.556253911098949,0.1661394200276751,37.30718068663385,0.0
479,78.35872473430373,11.781270849838295,0.36929186230316113,37.77269879452569,0.0
480,74.6162472255577,12.361190678913886,0.23941391792411065,34.395638826034755,0.0
481,72.13337867819872,11.813583423954116,0.47193779062072966,29.7937258243454,0.0
482,70.18066103922729,12.863481925616703,0.4992515353168118,34.27737887606542,0.0
483,75.61039090760167,11.800181907192698,0.22333434122166518,34.871631677422364,0.0
484,72.73094776414709,12.112342362875943,0.24504428640914197,32.978803560142175,0.0
485,70.73323887120698,12.466295415936544,0.38595878869798017,33.96956321238351,0.0
486,73.06028134727242,11.290817133533483,0.2612869350210485,38.0603903977267,0.0
487,71.75535598915681,11.119595594009612,0.2954588782067762,36.32985432460348,0.0
488,80.06142490521769,11.237171842714952,0.30253884205424103,33.1508717712438,0.0
489,77.64491927084835,12.631292051713592,0.10803268438023433,31.804801660809137,0.0
490,74.97608207605015,11.724070927053777,0.29861622539057625,34.345965364780454,0.0
491,98.43983241667007,9.279099642834126,1.4490953837944434,34.91852983638533,1.0
492,75.23210492294285,11.717876200671306,0.2506877177600228,35.99239837472663,0.0
493,72.4161473960152,12.092275651598518,0.44436320034688137,33.92936657486468,0.0
494,79.56937223180897,12.771054976283938,0.17434931057207434,36.02299915072372,0.0
495,76.61673013105397,13.003046444079562,0.3813205186747977,38.87030808012046,0.0
496,71.88826153702063,13.030751788318199,0.2721037069668191,36.631002044888525,0.0
497,74.42898396574918,12.604183115296571,0.27202398315041654,34.90382298533846,0.0
498,72.37314523984573,12.512031262905731,0.37903718960517113,34.63369905789341,0.0
499,70.85160080710699,12.296263474600591,0.33400512945688904,34.28665373164026,0.0
500,77.77853264259493,12.38918053808332,0.3570612997219531,37.36128182490429,0.0
501,80.7282499214104,11.724407141835734,0.3968184660532861,33.7453731080974,0.0
502,70.80429727854258,11.590900558288846,0.26686916168166774,35.090445417999966,0.0
503,76.68890771007172,11.998312771294524,0.23877632654922495,35.10239580376217,0.0
504,73.04807229263452,11.914907688737536,0.19148494734422017,33.99643161437694,0.0
505,73.53862384870591,11.773385975336362,0.21745894700210447,32.2550689042318,0.0
506,73.2228182272834,12.348193723728357,0.5949094425308725,35.64594900723534,0.0
507,72.40802769096055,12.477652604285256,0.42446795807367865,34.87799205628923,0.0
508,75.14556488383448,12.044203443145923,0.16489256337919786,36.00048093887314,0.0
509,72.50714965076689,12.738765040527632,0.16775420432564297,33.93279938712167,0.0
510,75.81137047733952,11.429155442933247,0.34818660617184916,37.44164259762609,0.0
511,84.8492856716526,7.903170270360141,0.863345482329577,38.806151868995045,1.0
512,74.28315585940076,11.641588839698597,0.35488838353173646,38.424080568035784,0.0
513,72.27730901387521,11.06673169146347,0.2745044206446302,31.504726980343477,0.0
514,73.269686008295,11.95865965707865,0.28745457399971,35.86954012911378,0.0
515,77.26617367747727,11.939126245808358,0.33278795241593573,35.95086136505325,0.0
516,76.50275156287314,12.756724871621065,0.30858930062933304,33.40888586411823,0.0
517,72.06733426560434,12.31540584227739,0.07806996272524647,35.848787875722024,0.0
518,89.29799691628767,8.487906587835397,1.3813244567639595,43.57539933671532,1.0
519,77.25416137011537,12.927046283167094,0.21485935657396862,30.56636232129187,0.0
520,69.99178415663589,12.610516847762677,0.3175211418908512,36.00548961498163,0.0
521,76.63008057713981,12.291048851734308,0.598525900260341,30.013458359339843,0.0
522,83.01212872316246,8.886757950575085,1.2476907188975404,41.40379045532852,1.0
523,76.71179600577948,11.52028038163826,0.2686470313827602,38.25833272980189,0.0
524,72.71022253037245,11.813896611964473,0.39218015019772523,33.836435933215895,0.0
525,69.58535369800644,12.544374309852094,0.34826878872092126,32.65224007118206,0.0
526,70.1173726863505,12.942293152967304,0.3420094490451841,34.60412454203064,0.0
527,75.14425483998414,12.771621764136095,0.3606850593215671,39.135812676327106,0.0
528,75.77916750516445,11.755575289106863,0.5056543564829541,31.33663550558795,0.0
529,72.28705012468677,11.440191283355494,0.1869111564674084,32.89738017672131,0.0
530,76.91577737633212,12.070443123455602,0.3473632076811454,37.994863366359255,0.0
531,70.01543981319313,11.115780317218574,0.20736188700184616,38.71540468707546,0.0
532,74.80176060405805,12.16158385709239,0.3555512646342248,34.793137551419434,0.0
533,71.36695140071264,11.926198706850666,0.20813134885139056,32.521894594946716,0.0
534,73.04449167659352,11.766981749065879,0.25826331863949153,39.19168700361832,0.0
535,75.14219601394925,11.202648466366602,0.27049100857620934,38.188884783498395,0.0
536,72.41875990414815,12.256800053284858,0.3975816719344709,36.35789397552447,0.0
537,73.84633336731052,11.733649580169045,0.3918454443942414,33.37519530212516,0.0
538,78.01887842764332,11.415041582144855,0.17542826235536152,34.90194131832393,0.0
539,73.26932439143056,10.563868893359174,0.30549341109998485,34.679279837910336,0.0
540,77.50707633619542,11.986242547474681,0.22904201452508272,35.661702609231156,0.0
541,71.61087943602715,12.886125798334872,0.17414950893246653,37.90200287626267,0.0
542,76.58941253374584,12.830629607273934,0.278298294957563,36.75883408227481,0.0
543,79.3247058619737,11.771451871706864,0.269151721154418,32.84524784603048,0.0
544,67.58506649961814,11.69889396981911,0.5426716486345522,37.752992900039075,0.0
545,72.60931423358856,12.234387128037511,0.34329598253606963,35.62626428002631,0.0
546,76.73121638154161,11.500807280405855,0.16223824992457625,36.374131591717834,0.0
547,74.39086384187102,12.150895949909733,0.24352259958290576,37.933081718557204,0.0
548,76.11343762011393,12.383040139192346,0.4021383295429398,32.7768395009729,0.0
549,73.18804443985253,12.613466611942155,0.5088442772869926,34.92834884258708,0.0
550,75.2597693624187,11.949922961760024,0.14140166877620414,33.93709089728157,0.0
551,74.53296829382376,11.898163124911518,0.11200756148609547,31.86428114926909,0.0
552,78.50334618497942,11.561008706621719,0.4870965175371782,35.69341995520984,0.0
553,75.76326252990364,11.58655982298007,0.3389614177370904,40.023113103168846,0.0
554,76.01280798622561,11.886760554049237,0.21317072681236332,31.319844510988496,0.0
555,73.7643691016326,12.183682753408089,0.3534629086122435,34.93543877790106,0.0
556,73.53718132778252,12.456792313116624,0.036425226098312224,36.281085870149546,0.0
557,73.70232543654113,11.598410524659828,0.30033755065971607,35.24615640331236,0.0
558,76.1833564271349,12.746344284479761,0.3327821172843085,34.77374389496852,0.0
559,73.73704655753922,11.864438199478716,0.392427013953783,32.40156727310835,0.0
560,75.86932457068924,11.989316352825782,0.1986104047707462,35.46557348588033,0.0
561,81.22620239593631,11.626394160426088,0.3085687161403359,33.48647204596815,0.0
562,77.61337411029508,10.787879869863529,0.20745753739404127,30.620156590042892,0.0
563,74.02192940349647,12.442022698180525,0.3255383755674317,37.38918444102746,0.0
564,78.60364176649183,12.368421948546217,0.21046536776369756,36.916771639684086,0.0
565,73.77577388093535,11.859336221440893,0.2591899160839779,35.10332195370216,0.0
566,68.88562639446644,12.033495358612436,0.20041846052097706,35.458149376411406,0.0
567,71.97574106724778,12.257969608852049,0.3651136241823657,37.148636025431124,0.0
568,69.38762423692243,11.218727071556728,0.38584511166566654,35.44867931355616,0.0
569,73.94545954787607,11.735473661326852,0.2765379430042586,36.80803510952263,0.0
570,75.05525513756865,12.397132339810913,0.3038237994960028,34.4050355982523,0.0
571,80.02931193682585,11.372855288415375,0.15514085853664558,37.62396747714789,0.0
572,75.98078212129249,12.146778966083314,0.2700323351993213,35.64157145186537,0.0
573,74.3426984135734,11.321709097688297,0.2949795382958255,35.38810388721175,0.0
574,77.48821674355047,12.233214991216764,0.5620793091029975,32.45987782257593,0.0
575,68.36659407297634,11.982179258851259,0.18880329742258362,35.57391170860342,0.0
576,75.7068436743257,11.192434092047245,0.4464177238752437,33.3360901650111,0.0
577,93.3125955816609,8.582369677228586,1.7296254705590242,36.684040908047294,1.0
578,70.56424126266047,11.632704211600975,0.32806364044901365,33.369248743367756,0.0
579,78.43126212962079,11.59487378149281,0.47586204841951335,32.86753013620155,0.0
580,76.01548922248324,12.100284598615472,0.3372105472606863,39.24954280603392,0.0
581,73.75413625829759,12.574318674714357,0.33891591956679284,37.662678123976804,0.0
582,76.89834559831885,11.492089090510802,0.29468793469824545,38.840735004288526,0.0
583,81.81207857341319,12.030839924923987,0.42235688824186274,32.55420996088887,0.0
584,75.54559876517548,12.214408250165286,0.4096469233810884,35.14250749982178,0.0
585,75.744661758901,12.346552803631573,0.23743227125037875,32.41298474959181,0.0
586,73.62191730137927,12.088220777638613,0.16807528054012325,33.608610245605874,0.0
587,72.45046689160563,11.816486080458338,0.27970193626043427,33.16374603316685,0.0
588,77.49100744963273,11.58620488967564,0.21999614356023534,37.47916801288312,0.0
589,72.4317485222734,12.043071941523188,0.2936475425384645,34.20754064379648,0.0
590,75.21469871165817,11.463930494007197,0.42374381346841394,37.13675866738803,0.0
591,73.56702765970465,10.539324758252697,0.254269834491321,36.20824177917704,0.0
592,90.43693947723918,10.218279902078834,1.611774418983166,36.78212771506735,1.0
593,76.00098631586084,12.451967420543097,0.3058022734808395,32.041111553720555,0.0
594,78.1126198327737,10.81853378222908,0.3848430882205285,37.5184664795736,0.0
595,73.46995080343576,11.495134647645031,0.07531106660153947,37.292881740801455,0.0
596,74.19037519411988,12.309577130502598,0.23932997052347033,33.05324232394593,0.0
597,72.06370885265308,13.02874773485585,0.32112836922794724,37.01426667294632,0.0
598,73.66712021977166,12.010396853837705,0.42000789564268615,35.67228992605246,0.0
599,76.13190147913456,11.635998529385432,0.2508097552493795,34.54504748009318,0.0
600,77.27096584993606,11.90855177944758,0.11234472939581258,33.352129026056,0.0
601,72.23350402746712,12.687438209574092,0.3619711445966136,33.56178109710163,0.0
602,77.60881776031698,11.677017910437732,0.23646376111743705,39.09962419157185,0.0
603,79.06691357641485,11.600403996674872,0.18103333409096384,35.001365637914965,0.0
604,76.24030470967111,11.758628238908983,0.2375654610286776,36.56426000306292,0.0
605,80.6303874376742,11.523335695870644,0.281547464234415,33.41820123666489,0.0
606,72.67863240268927,12.061335157997398,0.23952553354617873,33.440294107556724,0.0
607,71.26603589006575,12.81233922923478,0.07944339429009306,37.163969618499884,0.0
608,69.66383925328716,12.161539636558015,0.38970661968871323,32.300847576896935,0.0
609,79.48813293446754,11.873823248936857,0.4274875041278722,34.16957246418946,0.0
610,76.96309696906218,11.854094365542228,0.3651521991339506,35.06805482214446,0.0
611,74.83324598726864,11.218404595651672,0.18623143295751832,35.222745203680105,0.0
612,75.83990587895946,12.44155488857358,0.27985084660524817,34.64181342996769,0.0
613,71.62353285810487,11.9610814014936,0.2993478684770542,35.79163956219185,0.0
614,82.33725593885048,11.909760043204686,0.359879438956191,36.38571151163562,0.0
615,75.38766354592568,13.596553783922431,0.3668340488718081,36.46927509091866,0.0
616,75.32818438381467,12.149376454182843,0.2265826201221504,33.02839238266435,0.0
617,77.17729987169608,11.624104474952407,0.30819955564135604,34.43168980414241,0.0
618,76.44302769521013,11.786821201897228,0.3457280404615241,37.38952572375388,0.0
619,75.67165207283739,12.574222854598377,0.44558223221467663,36.78929437514775,0.0
620,72.62857663366407,12.056635205268883,0.3704506539824723,32.254281097037875,0.0
621,76.41440507140798,11.280861010841317,0.3789056687375519,35.702959800704406,0.0
622,80.6460734894251,12.459614467287603,0.3083826627929361,31.04354950125038,0.0
623,79.03626013846494,11.665927957230503,0.44104591452035036,35.093869804120736,0.0
624,79.7795598799182,12.936648888108772,0.3409762795959497,38.795534033491954,0.0
625,91.46635297070644,9.540024032857325,0.9246543084125491,25.29386188684191,1.0
626,72.03118553922425,11.776339052170625,0.44033699701251905,33.33135390901683,0.0
627,74.62263923970106,12.640508180867556,0.36979032725390276,36.52805956314572,0.0
628,75.16717473686609,12.033927755263703,0.25569559788715174,31.914396969580707,0.0
629,78.28257455541285,12.42638683756111,0.25205070326007567,33.73448994022992,0.0
630,69.92260611085554,12.242366408647237,0.3296575545140762,36.192882275163505,0.0
631,79.58865095838183,11.576821672504563,0.3463184795267585,33.7314283046212,0.0
632,74.52597630426303,11.67822508384127,0.31972922656312064,34.52806002557806,0.0
633,73.71935679015775,12.514980408790581,0.3311308673442885,36.48837142063007,0.0
634,71.96368687421949,11.832612333946729,0.46999573745763806,35.843092167073124,0.0
635,70.0354299844027,11.798175768379002,0.40715431522348855,35.533636792590805,0.0
636,77.46951175188575,11.522438710325323,0.3190635591265024,34.32175544145992,0.0
637,75.2199539015652,12.21179953279673,0.3941310580767483,35.740122230537914,0.0
638,71.13011730077685,13.031262459621573,0.19674760964724602,34.75253463980049,0.0
639,71.11476368380914,11.466233542872864,0.3397927049946809,35.91561121985157,0.0
640,73.99264590212961,12.012109728336378,0.480930634973311,34.006135949764044,0.0
641,80.00706457586818,12.706110277707715,0.2781954104607626,34.634862051240916,0.0
642,74.22122594590918,11.960179304377142,0.2152366071380915,33.02008441489597,0.0
643,70.49057114064568,12.226185898124866,0.2347911111406939,34.92998477998753,0.0
644,74.26277080774217,11.46880323592656,0.19103669626576114,33.37799827274231,0.0
645,74.181829290757,12.214153548603825,0.22152380918722964,32.771907099676014,0.0
646,66.90934007117528,11.906427867497726,0.2629491901409971,35.51732229571078,0.0
647,74.83711540044656,12.49286499783993,0.15944329808213578,35.42547955171532,0.0
648,74.30719640937397,12.593693025782375,0.3015618333949603,36.56574746989715,0.0
649,77.08861909444026,13.294781821009307,0.3902277173786647,34.137748860849804,0.0
650,80.54686828483604,12.289816586606788,0.20922438198530796,35.816105693673514,0.0
651,78.37969508864327,12.162898158291084,0.45192839236417687,36.101595144547325,0.0
652,74.1933339283355,12.097192150788668,0.35107920885275945,35.88954761566319,0.0
653,71.680422273775,11.823416853594656,0.40305805856240573,33.34869263439572,0.0
654,82.72007940974959,12.169241921730846,0.23421654461478628,35.298726964542375,0.0
655,75.17765530204346,11.852299294930486,0.3854525227066616,35.72828059210932,0.0
656,75.04178787573883,12.084230488134807,0.19080660996046866,35.01435693381588,0.0
657,74.92762473866999,12.65879876780398,0.3890247500836509,30.82704468325783,0.0
658,75.59425428230357,11.49672871736018,0.3171839339793531,35.32097924794696,0.0
659,74.56691876422818,12.569939280564522,0.3553251219984784,39.42506207879448,0.0
660,73.27901397935929,12.658557533669933,0.18244053943751481,34.27992146248604,0.0
661,73.35942317627882,11.940965736504461,0.21049301577233953,33.543845804289354,0.0
662,74.90174018935201,10.939072550495702,0.3597228218253385,35.7466971194228,0.0
663,73.3697256865987,11.696089006452784,0.2051651995775799,35.624756420933146,0.0
664,72.86146265196851,12.648497273280555,0.3463206292099123,37.38547033083283,0.0
665,75.31929068307569,11.988565968850558,0.16328621935397541,32.484263688182224,0.0
666,74.23506834773744,11.500348883852544,0.3848174212666668,36.46276050514999,0.0
667,79.51197896574807,11.74761253938589,0.17674766852314908,36.180844122502926,0.0
668,67.04709057482097,12.420310013252276,0.35522999376795233,34.715706926118905,0.0
669,78.27452055576738,12.27336678410069,0.3625630933646001,35.67737463584338,0.0
670,78.7382555774929,11.880533950415153,0.23032281815704247,37.05891496319671,0.0
671,68.77982930277555,11.816587794092657,0.3582026567084727,36.7446307600569,0.0
672,73.97193721775895,11.80412092547809,0.3260442263333556,32.71396137585254,0.0
673,73.88567740201263,11.538794907750749,0.24611581438072616,36.64031637351097,0.0
674,70.77746491584654,12.80768784473472,0.19914453159237916,34.87062278993496,0.0
675,72.66654993722737,11.83883976539433,0.10373743083274206,35.14574819603103,0.0
676,71.66827246360252,12.608579260412748,0.3349650047299694,35.14639398200339,0.0
677,80.25681133027086,12.760658025961225,0.14351972286379447,34.69951402240348,0.0
678,77.80703517944238,12.49915544907398,0.30953441994413083,37.38341499421413,0.0
679,78.81466528498248,11.784189843640975,0.27365517839177506,34.83256408030157,0.0
680,77.16501619212971,12.201865045168304,0.36791427754381956,32.76090774323366,0.0
681,71.61284468634831,11.987902196804542,0.2697954500510136,34.212940288060544,0.0
682,73.42643920116068,11.548149069634936,0.26705522136529086,35.35738943362095,0.0
683,76.46812368368376,12.162179640860801,0.37318707042882954,37.4584295685941,0.0
684,71.33361657332416,11.410480104420099,0.33350580290841175,36.206189369897665,0.0
685,77.13899529051716,12.593839694230782,0.3316155957182778,33.29892944250591,0.0
686,74.2790238055256,11.767691351350804,0.3469267589808526,39.97037983335778,0.0
687,73.87553757735121,12.10057982793642,0.1464427876792894,35.52955062195596,0.0
688,77.13287990461048,12.141643935773072,0.3756788679986982,37.55078147599803,0.0
689,76.33278993445812,11.870547513147962,0.36124687940136024,34.69657113284554,0.0
690,73.91710150254276,12.293346900737637,0.19833168714235028,36.066718489410896,0.0
691,78.47798941009275,11.762548171688739,0.27559195263257985,36.67893700903681,0.0
692,71.75681001720031,12.435648648728622,0.29606927123723686,37.436389423508516,0.0
693,76.84780682083279,11.327010159876625,0.28655032155982674,37.11473661075645,0.0
694,76.77930377390516,12.063189789773206,0.3333859966568535,36.74439400014595,0.0
695,74.07136068205803,12.969464499529142,0.4431366781831183,34.369826537611786,0.0
696,75.97839906672635,11.499834337697212,0.40817667276728287,33.85650791608788,0.0
697,71.24665927084409,11.661127514737574,0.16877808065685937,35.6652150206484,0.0
698,77.77208105762071,12.256953924829457,0.3622069990306049,36.86625614468214,0.0
699,74.44529359067103,12.089790890969798,0.43289333195354096,34.55455859844679,0.0
700,73.43183093844289,12.17531504963678,0.33868085206892024,37.130343931428776,0.0
701,78.14702767751066,12.244593565073831,0.4090980425185967,37.90523349097236,0.0
702,72.88696892837172,12.317360734280886,0.5012270445700765,33.16735816185316,0.0
703,70.77461611090932,12.554849920978112,0.40237095461069816,33.32615859240744,0.0
704,70.3301124794283,12.204909328464256,0.3249308595641729,34.719249882189324,0.0
705,76.81802985403692,11.879371172690728,0.40450884740847537,35.615225336378394,0.0
706,71.15871194251115,12.336286850601365,0.3144887833096891,33.9508659724659,0.0
707,80.2643825459531,12.949940967447608,0.30239030432849556,37.70440535773429,0.0
708,68.75421177634884,11.933683126808713,0.26485857642862676,35.8481337230369,0.0
709,80.08936910487012,11.512735347664679,0.4563413358832108,35.07889409648148,0.0
710,75.63305240160786,12.553540334643486,0.21815713340579984,32.128180952262944,0.0
711,74.70986066438883,11.9398094180232,0.4532367724678116,32.36836836714499,0.0
712,73.36524273957315,10.913665226992983,0.34998641237403716,35.56201850056361,0.0
713,76.19740834305621,12.42371083857521,0.16006938251980582,30.734808747690327,0.0
714,74.88709589272545,11.732335907023039,0.33676492929914215,37.02527481928814,0.0
715,78.30990564604957,11.95473335884792,0.08999734923483757,34.683692311255356,0.0
716,75.34268294598611,12.165990165284507,0.36255080168310355,41.48618593918947,0.0
717,75.45090528438563,12.095249839889533,0.3885231482988991,39.61583250123222,0.0
718,73.90916336335843,12.35472590856952,0.24076440443479463,34.637101861504966,0.0
719,74.8291631288368,11.782256814715078,0.31235476959555825,34.78732599493737,0.0
720,75.92340530667617,12.25655289908804,0.49541574337502864,36.99116302800406,0.0
721,69.86949482203012,11.870226661208042,0.2494253295738063,38.406345219836076,0.0
722,70.95544373368286,12.36940524044375,0.19410924129433993,31.723941885127967,0.0
723,77.22979228206815,12.307683742006526,0.4481663402462599,31.427249069290628,0.0
724,75.51259631438383,11.532280648977702,0.4962587190530795,33.75593038889124,0.0
725,74.44804999094197,12.542991058087516,0.30036956718478475,36.165475166347726,0.0
726,75.05530179919617,11.732018277442975,0.40114630354083564,35.993747181015195,0.0
727,76.04274511608502,12.404028899140572,0.43414759155308813,37.1395429099677,0.0
728,73.38072095907191,12.18364365670067,0.2257515767461616,32.60060494326938,0.0
729,72.66508582379306,12.919091838397561,0.25146941646321314,30.367712274062246,0.0
730,75.58753576529304,11.888267008814074,0.4230874513154735,36.71602839060429,0.0
731,72.0648816671549,11.8253416019409,0.4685014278708509,33.34360745406953,0.0
732,76.22475826714341,11.990290197056133,0.35628808601743545,30.963024271222725,0.0
733,69.89224918728648,11.848410108582863,0.21201856464979457,35.29012749191876,0.0
734,78.08746691197693,12.399970950971024,0.4987061111699441,36.58635137643736,0.0
735,92.41779244723912,7.191844695781706,1.7431274032634423,28.84101509448537,1.0
736,75.76808920294162,11.473158790426822,0.2664862218828548,34.08430322763502,0.0
737,77.94807295183654,11.466098539210403,0.33423378344896215,34.68127553570819,0.0
738,79.99642333338772,12.475153795986788,0.4554160420714774,34.258834475198434,0.0
739,78.0431101950544,12.855306686290962,0.38539759765522236,32.30390577611966,0.0
740,69.47737730600507,11.947775390731264,0.34148655003619105,33.570638646019134,0.0
741,71.16126909979289,11.915589138404995,0.3463288530118106,36.042559810027626,0.0
742,73.12554426691297,12.035026081556591,0.3043514668643466,35.643357082753,0.0
743,85.0782731506325,9.580939151304095,1.2878812365184684,45.24902314542062,1.0
744,76.55297706140738,11.536323432904712,0.04704399223056965,33.00970303629324,0.0
745,72.8227685605396,12.119184491367392,0.2703392540930202,34.63699367572867,0.0
746,75.56030029343124,12.487598814891214,0.3241321934916781,30.64586990711429,0.0
747,72.73385120294003,12.250547084969922,0.18489859163804928,35.35695332777078,0.0
748,73.16544659102415,12.094790808299372,0.338632331781156,37.85771541562713,0.0
749,70.78001670945534,12.50052304628357,0.27955287790138783,32.05173573591579,0.0
750,72.23030026166728,10.64838385350038,0.475547569831549,33.82814465336449,0.0
751,70.944946183151,12.338937659765454,0.45730197252148563,35.65821355742026,0.0
752,72.072380241068,11.672962158436288,0.2534194430881837,37.50568526885497,0.0
753,78.16092538982352,11.084683551571771,0.28491622884333045,34.1035507673997,0.0
754,72.15180333350418,12.25560129976249,0.2926052434391607,33.61549934146821,0.0
755,82.89714619451217,12.686829272581479,0.2548340523840377,31.062153715167835,0.0
756,76.47995370264266,11.931275742686154,0.31950249840281264,35.20687625861621,0.0
757,75.55450837108462,12.47643727360147,0.22417179311124097,39.08415208028749,0.0
758,72.42492665945636,12.806139128994323,0.18693846650624735,35.554716923929355,0.0
759,77.10092963822697,12.657457226792024,0.36227112239002685,34.95544204163257,0.0
760,73.27308652128667,12.819982264685697,0.36295295842218106,35.644164621533974,0.0
761,75.36602944393609,12.371063745535945,0.21956842403400073,34.9778159921028,0.0
762,82.68025361480639,12.037716819450797,0.3895355430762599,33.37397125547974,0.0
763,85.71182030082605,8.199017094051415,1.2548575759919867,45.178267495723034,1.0
764,78.44781997885703,11.876968755935026,0.3253165238037981,35.45152304622351,0.0
765,72.89047072462233,11.578376702341904,0.3820344012612456,35.035226503867314,0.0
766,87.89503452850911,10.085471358748906,1.6701730077748433,32.32799321454132,1.0
767,80.31240190690653,11.912057093783831,0.34547409121411343,37.60701586386952,0.0
768,84.1190988266367,10.061602403392243,0.819053643795609,39.71477132568292,1.0
769,80.43734567399079,12.275742688020234,0.2803533416571903,33.894158325265394,0.0
770,77.12325580636643,12.021801223186227,0.27941405691196597,37.00364970736388,0.0
771,73.31259967231719,12.847525520215376,0.2253421653459761,34.004858323229584,0.0
772,76.89722321716657,11.688675319132773,0.2823225836884218,33.435993014977925,0.0
773,77.91766334888018,12.097303727618621,0.14513817011362531,33.48059376503942,0.0
774,76.86542988665158,11.628764707150976,0.25088462528578953,31.45786289382382,0.0
775,70.28932584032863,11.339988744389647,0.2715124506630329,35.94308476083641,0.0
776,72.81858847252539,11.694115454547358,0.274382024750462,31.3377102433233,0.0
777,74.25744409334548,11.981481601475794,0.27585025541292213,32.54311233746847,0.0
778,74.77669971269987,11.78534888774137,0.2938235800139871,30.848823981842934,0.0
779,76.86201629265203,11.653789510063072,0.3479441518086064,34.82786061441821,0.0
780,75.53310300279976,11.296841268164084,0.38745170741325224,34.69935907945626,0.0
781,70.99396692386969,11.958447213685652,0.23502347731517326,34.346607573627274,0.0
782,76.1405935530179,11.247639812984499,0.17967991446108555,32.91484461065885,0.0
783,76.83175723585147,12.380027981844801,0.1957955587756897,32.65553249312672,0.0
784,76.67937134379312,12.041219876467252,0.25127970788050724,35.928739727093145,0.0
785,78.24234217666387,11.271224250267535,0.26480786821834906,33.898896136583026,0.0
786,77.50176646364672,11.845395461475068,0.22300039338025424,35.63271664307229,0.0
787,76.37754023768531,11.623921797204709,0.17038833357501054,33.22950262775156,0.0
788,74.78950286562406,12.15958725520959,0.25438791725258114,35.362125485542165,0.0
789,70.01711719945203,12.670225223011572,0.3181426620113971,37.606556074632124,0.0
790,76.28885465739776,11.062413765177128,0.35950294658355647,36.17233160078557,0.0
791,75.62306306148933,12.057513039573708,0.24425769468916786,34.175172363567036,0.0
792,75.81473651158612,11.91993360221668,0.25870021778565655,35.51439794071185,0.0
793,71.16975427253907,12.335670038225233,0.20733016911526891,34.51866965093957,0.0
794,71.75683037877522,12.106598314118845,0.29685608296252236,35.015760369389454,0.0
795,78.15945855999871,11.62401533413059,0.2151571365809185,34.348777895702995,0.0
796,74.88133453843004,11.840473032166692,0.35731278132412003,34.67132958822922,0.0
797,77.04450209211787,11.601987071598256,0.12141335080658885,35.42418670614835,0.0
798,75.08495512839139,12.538003569299299,0.26403703275475376,33.0132826008361,0.0
799,75.08926841848724,12.010655824335972,0.3301107339191742,32.96824234602004,0.0
800,77.814851417928,12.950595342876504,0.3183834516322504,32.22291489233758,0.0
801,84.45186581534787,8.96966959309269,1.5119970683654855,23.483718014534546,1.0
802,75.28836233082295,11.645796616544768,0.3349800024567907,32.56543461555904,0.0
803,73.61317413388487,11.243142803693587,0.19959454031579896,35.31892501360826,0.0
804,73.69651131770306,11.098430161872027,0.29045357529109267,33.214424969016235,0.0
805,74.07248362959407,11.207932028497256,0.1223753666533548,36.02722892846219,0.0
806,75.66640131490114,12.133563325505742,0.2919400250703239,35.069427497505124,0.0
807,73.56375413500957,12.254362511614968,0.2166943942999241,31.06299157312389,0.0
808,96.76726837672057,9.209404648983933,1.4799702680094684,38.026119052748264,1.0
809,72.31617809334149,12.447519157038057,0.2450459725404465,36.62159729118342,0.0
810,74.43938506751593,11.75846947415828,0.2883234084204753,33.01227465033029,0.0
811,73.68080682517747,12.073396505992775,0.23644421585955966,35.84038308578998,0.0
812,79.3409336530612,12.806110314127713,0.47388513518533315,33.2870035251816,0.0
813,75.58966432953473,12.448419657932766,0.2678757233882088,35.19534075349667,0.0
814,78.09553361840591,11.865734676047083,0.4832557043479202,32.471003186090066,0.0
815,70.54331888088909,11.554403887292356,0.38141517621182663,31.413787094930846,0.0
816,85.80115079760778,8.924092299335348,0.9417660796458742,34.081706594799044,1.0
817,77.66889238687031,11.64042334037879,0.33687331473175197,34.752542107450324,0.0
818,87.24685196782627,9.894434880586152,1.3139132924440657,36.740693214067676,1.0
819,78.19644112519606,11.506410236424408,0.10723274206543898,32.63193888355488,0.0
820,73.44813464969889,11.934371516453847,0.2721116605849243,34.200201875737726,0.0
821,79.22804232055674,12.038425941479383,0.38451579711843215,35.53858950516147,0.0
822,81.89669437085774,11.88757200909596,0.29511028165258946,34.910213939754925,0.0
823,84.91148431868102,8.67499870958827,0.9794971284070342,44.410282351865874,1.0
824,73.66349243579768,12.084327335983364,0.29475955494225303,33.65976959909153,0.0
825,79.3601534313531,12.220970324784705,0.4704105516255491,37.343435829432316,0.0
826,94.73871643719214,8.454800461278577,1.0872002368509284,35.278540900413645,1.0
827,73.4314199185402,12.705466189873135,0.2937995990633968,35.97512059417344,0.0
828,73.73943954871243,11.950705933857869,0.39514492770580867,37.36378218591992,0.0
829,74.15464617341848,12.009424811472424,0.2633492979631948,35.96181618549779,0.0
830,70.96664846689717,12.354107211628278,0.1296128413173281,34.59495154587034,0.0
831,72.2440441605474,12.11660806563175,0.20755340118704454,33.943405906674045,0.0
832,71.9875776997438,12.476568316956623,0.45628887685081976,37.07217530209251,0.0
833,72.69660730468762,12.143562082600912,0.2726006918170696,32.15405014947665,0.0
834,74.89594533783966,11.69378131267978,0.2756616020624982,33.05975147924071,0.0
835,75.70264419760956,12.180751762603052,0.27001618037251196,34.204884469016555,0.0
836,79.65150147844223,11.42813689633967,0.4904136589573007,37.475307515024,0.0
837,72.00493787778363,12.054279852888262,0.46259589153620634,35.75953527208179,0.0
838,77.95296719542975,11.98338500467777,0.5218780233448134,33.06390848297951,0.0
839,74.35803346732348,11.89594157136373,0.2840954789599949,34.37938458923019,0.0
840,74.8516088710427,11.935731244280534,0.3295624488747095,33.771353711807414,0.0
841,77.02445847649982,11.05907547725118,0.14833574505792085,33.58042201553293,0.0
842,71.63183393531311,11.72563754612952,0.4476934426118274,36.95777911711356,0.0
843,76.14722923855216,12.046422450570557,0.18322204487320648,32.256513741472986,0.0
844,75.49935662463916,12.0799281959987,0.3216775563762629,38.21756171146875,0.0
845,76.47735379202445,11.486162429537021,0.19026974723671558,36.65645938036925,0.0
846,75.86750593172346,12.63285392043235,0.2411133173261304,37.181723341207395,0.0
847,82.36590041973268,11.566912575892749,0.21627375689502995,34.074120975949484,0.0
848,73.08678004724605,12.484728600263368,0.2392124739324182,34.700118561841784,0.0
849,73.40700913499455,12.213597180935842,0.24608772968510212,32.133696370950574,0.0
850,73.13057842072571,11.676886345078099,0.2451731205074923,33.950675185866395,0.0
851,73.33356864251924,12.887655446304755,0.3833333911780307,35.9873096952863,0.0
852,73.08783861808044,11.40318158412176,0.18951372069374797,37.59212612356279,0.0
853,78.56704959332265,12.459577086805,0.32205414270138666,32.7856863663951,0.0
854,79.26151274396956,12.50029115902149,0.4217959152305558,34.26898812602947,0.0
855,73.28776111875158,11.664689895461677,0.24868036354866038,34.69740155953495,0.0
856,72.50293328068732,12.696232650032165,0.2282081109252398,32.20842159561503,0.0
857,76.41424666915921,11.874976742700524,0.2769475374819749,36.1826984835168,0.0
858,73.34333086715709,12.14434681463993,0.417972520836071,33.55201933651478,0.0
859,76.89879545326653,12.13016091938561,0.3194107630953358,34.60921929764595,0.0
860,75.6087690625539,11.932845629264726,0.24687857053924014,34.09610125617625,0.0
861,70.4527676550083,12.405404136579891,0.348387665118804,33.421322988560654,0.0
862,79.64251560399019,12.396744360276106,0.18977078501635763,34.98591002903889,0.0
863,80.38763301928657,11.12573401338091,0.3681359510442948,34.56878084286396,0.0
864,73.16163392854685,12.652170121439076,0.34086073077017676,34.25628423544267,0.0
865,88.83689532019204,8.168754005982162,1.0059396287399445,42.85981013279098,1.0
866,75.85759617217471,12.516273102170828,0.21614142015527688,35.63904934156591,0.0
867,76.00337036996108,12.56335256841379,0.21133190777165425,38.307234536984566,0.0
868,76.9756328180185,11.454516784892402,0.353481733634591,35.27977446567825,0.0
869,81.03061361629905,11.794592856022708,0.4228980502489062,36.992236429822256,0.0
870,74.46915831751785,11.447147665757033,0.23626922529712052,32.21955614969308,0.0
871,72.60510826638463,11.892539484855632,0.3458386703551484,35.31552287858754,0.0
872,70.86204231595642,11.84598285790713,0.09129729813979309,32.805263362057865,0.0
873,72.80720988017424,12.38983026613467,0.24153822693428004,32.0461501449362,0.0
874,74.90061908137861,12.655154373059805,0.2968941067129098,33.52125718508193,0.0
875,80.38367359055336,12.697841905394977,0.20903165830181664,37.38379866882715,0.0
876,73.44716610289149,11.718915986710849,0.20634936252104039,36.90003165733929,0.0
877,75.67136385491669,11.895389063127736,0.23322204435311136,35.4860094441088,0.0
878,74.95073131178174,11.158280903889525,0.3292192728326373,31.93459888022014,0.0
879,78.56517982034426,11.597064966751905,0.2812670981593625,34.607438697224126,0.0
880,82.58079727762086,12.482425816548728,0.07617687666750278,35.60340001780347,0.0
881,73.40739368123904,12.807791411774115,0.08792998473649336,35.351072459157194,0.0
882,73.53168167244533,11.382825564060038,0.23931348221428245,31.312412833038508,0.0
883,78.13248263120721,11.703767870423553,0.3457686586053552,33.219364303960255,0.0
884,77.04567446887893,11.986797121520537,0.025249515727476524,34.871844471702566,0.0
885,80.5401219772081,12.140080579409803,0.2500269823848369,36.07258181903438,0.0
886,76.75178455597789,11.595198240039178,0.24737521434825788,30.607744357800108,0.0
887,73.92212372763882,12.212030522232045,0.43883377782084476,34.675752049040284,0.0
888,76.77196449207693,11.763080326464541,0.2614978188287136,35.286097539757904,0.0
889,78.32611074174872,11.99277386456086,0.33829889847409284,36.699223977032425,0.0
890,77.46144654359209,12.27314212400185,0.31412571400874634,36.385715168474874,0.0
891,76.52182209332189,12.003211134905468,0.08694335201927991,36.16514263761761,0.0
892,78.20002406876746,11.781807054736715,0.3768207216631737,33.400118986596134,0.0
893,78.50788677133701,11.945195098037084,0.3215396505456288,31.183995725753384,0.0
894,79.14647697311258,11.955818520397333,0.35082686396745894,34.2138944858772,0.0
895,76.94612966276893,11.814994485058936,0.6926237706436327,37.00326365041712,0.0
896,74.49864575904944,11.870601968666449,0.09158870605014113,37.786909055048866,0.0
897,75.44014105929998,12.799323585252358,0.47246966497611087,36.42109820459557,0.0
898,78.61952689952507,12.280459723970619,0.2712552480599644,35.85868164560347,0.0
899,72.5491929870383,11.85225984098542,0.3287328904403009,35.75927929677193,0.0
900,76.1060199266187,12.348477202255367,0.29544877546987575,33.88776250647844,0.0
901,73.81998356301791,11.833090255121995,0.2575763666601956,34.73987941289276,0.0
902,75.08623446880445,12.586562318793321,0.2430167071761241,38.33813905165266,0.0
903,78.8353555878219,12.184821096099046,0.3329508735573009,33.114883988416246,0.0
904,75.57329720405971,11.946348927997885,0.14828263033283207,38.229557581419705,0.0
905,75.13930964446844,12.223858462905138,0.37505791675217653,34.35594369101588,0.0
906,70.92043157706024,11.21456192396575,0.2583805595114746,37.65086421819016,0.0
907,77.23876069808166,11.436616265545098,0.18699306609596422,32.18636998100492,0.0
908,76.93645254342323,11.403037496800472,0.25499871420041864,36.1718084023293,0.0
909,81.48976416991638,12.071471547381853,0.42571492168625724,33.526459728104754,0.0
910,74.076665295141,12.866257499742545,0.24646649129837767,32.169465616151626,0.0
911,75.65745098299182,13.115650073096315,0.33584536182096203,35.43706808482189,0.0
912,75.74815105113227,12.31902555072038,0.22690437242845266,37.01894357719194,0.0
913,79.73235983929042,12.250422237472229,0.37579218499236194,33.310117122813004,0.0
914,74.71411340283915,11.09947113292363,0.3685507738790204,32.0019680790832,0.0
915,75.83706457731101,11.728663100132989,0.48486088332964117,34.81631047133009,0.0
916,76.82368952914962,11.60610812404588,0.28244360545007846,34.825129342445635,0.0
917,75.55982736946908,11.689576200874441,0.36686548047579065,36.096639255109,0.0
918,73.66069915634841,11.915928090707606,0.30980675395389445,36.89918914272898,0.0
919,75.58226997869492,11.763954711151436,0.42958717818630143,34.88116963745501,0.0
920,78.22089524957931,11.010350094812106,0.22811676123912694,38.711006629588525,0.0
921,89.92045410176682,9.373955128058768,1.086007280569496,43.74531248610367,1.0
922,75.39890902244063,11.463628487130096,0.28053027038833184,34.3071469879862,0.0
923,72.89963755518248,12.119623432055574,0.2935811822891502,31.776865281794343,0.0
924,78.58513988677453,13.037041334874987,0.3091752484448373,34.47468095936767,0.0
925,70.43043928564867,11.54030770420679,0.3252240396426677,34.32722610917773,0.0
926,73.32323445818524,10.734856238626834,0.2883770956878042,36.92060959256294,0.0
927,76.13163562519357,11.856997889059945,0.3214713183170526,35.92496724813371,0.0
928,79.69657208770302,12.550479817499285,0.45781180575621844,32.641261756734764,0.0
929,74.80274921678104,12.979173727110297,0.39854496856152183,35.344508772822074,0.0
930,73.33440141992041,11.38522520277379,0.3869154592496896,36.34306234345811,0.0
931,80.64347120832177,12.248349611618261,0.2544460473976129,38.056062718775664,0.0
932,70.65595829875127,11.767344771609974,0.21107591717716756,36.77500793482812,0.0
933,68.40358213013975,11.947025822847932,0.39553005582377526,36.52169330862296,0.0
934,76.32004335015999,13.322171673508517,0.3876046792529794,35.12017198923033,0.0
935,73.49383732694217,11.248514835802423,0.44726706757509815,35.7766240108469,0.0
936,71.93630154860786,12.126869830747287,0.23960193740307703,37.49900980141232,0.0
937,77.12506934189805,12.233846585882716,0.2770451344639653,32.3344452050407,0.0
938,88.7314021413136,10.542893162469674,1.4998412067124598,31.817545725724905,1.0
939,73.30776410778981,12.048991576735448,0.2607528893939127,33.454862502487515,0.0
940,71.15908680398732,12.15402526975205,0.3996570510579447,35.758306237452246,0.0
941,77.61737198484043,11.804175716289105,0.2533504620771802,37.460444351301575,0.0
942,92.95060353387598,10.134563470622554,0.8840209120981105,28.215461046545247,1.0
943,74.70247240866185,11.828403862251294,0.28094968940021886,30.219391265061123,0.0
944,80.53991098814299,12.310785944928025,0.33240570282215604,34.17555850995106,0.0
945,71.78974570102154,11.815194831978182,0.18523086101843325,36.82694746403482,0.0
946,70.42342448722579,12.188550196951093,0.3085209449633901,36.07525980589976,0.0
947,85.92427579035626,8.98536859315751,0.8624265906728843,34.81808224128268,1.0
948,74.86324195093351,12.563025125386083,0.2813103841838015,34.44001339625104,0.0
949,85.73001834796807,7.974303138205757,1.0525804576576412,27.35102777833903,1.0
950,74.276291826431,11.113483765896559,0.4205994516546816,36.03058864324893,0.0
951,76.05616618954289,12.630960750356996,0.37774073527645113,33.33143637993075,0.0
952,71.24538172742866,11.54713384956869,0.3466670981966081,39.368193466760914,0.0
953,79.33129381221978,11.67311683067559,0.452100622715938,36.141014416709034,0.0
954,74.75354646482229,11.702169352978254,0.20510834791751625,33.8387033948921,0.0
955,78.35188749476438,12.687219046585408,0.47473631979155584,33.77722950522274,0.0
956,76.02817603913311,10.932162893010652,0.39321915642603844,34.814111586772825,0.0
957,76.37025965746135,13.568874266829997,0.2763444712781054,34.5209961559565,0.0
958,76.70930184069661,12.528028404533027,0.4135620147182944,37.23366755105991,0.0
959,76.34312568005194,12.11161945706458,0.18937064875883658,35.37283233948809,0.0
960,76.92816827960263,11.972552999691857,0.21754858384723263,33.53673652218294,0.0
961,78.9874575903973,12.142777037428829,0.23914102767602996,38.78088137031156,0.0
962,75.58956350910441,12.26056121418967,0.24710222919359848,35.098616663040445,0.0
963,77.12701127276554,12.32260779297503,0.1943442357239747,36.5376793519378,0.0
964,74.73079291713832,12.277802233001724,0.4223083067095325,33.78354698511048,0.0
965,79.32035164634841,12.044790340627625,0.2741145599630168,35.72623125548905,0.0
966,72.97082309382219,11.901330789846337,0.33525049683568797,35.62221998228639,0.0
967,80.40282129873245,11.924363358173244,0.24296486335863193,31.220701415807696,0.0
968,74.87952614806697,11.90254585982366,0.11793966994514826,39.03055022092128,0.0
969,70.70767469364586,12.566885048433532,0.3270057358391422,37.58128892184509,0.0
970,75.38431324473237,12.296778361140431,0.10877450245802228,34.20560936770802,0.0
971,72.95684502757535,10.52980568266786,0.29313659539145315,32.79546051908829,0.0
972,77.52193064696617,12.327950388264881,0.16316849611671894,35.695123227607105,0.0
973,85.04212806209283,9.097368097359388,1.5853293373276411,28.464716567415493,1.0
974,73.66144970035566,11.990645621777052,0.39113627221747216,35.711337897126455,0.0
975,69.3313778071634,11.805740773455558,0.31057537912714805,35.383154792388176,0.0
976,73.64308104225277,12.562056359993006,0.42637066776546684,36.01248197861185,0.0
977,67.72836202011312,12.47376323106143,0.2153684022534264,37.89461139878361,0.0
978,70.24829152954283,11.613561166088196,0.3543479378670093,36.136206410257294,0.0
979,77.28124396843289,12.203526143562268,0.31998104337187133,32.900689002180115,0.0
980,77.3574004759525,11.514171632729356,0.326402008133367,37.7251257054249,0.0
981,76.2763726853549,11.310190917605535,0.4272353500106768,38.28122912697658,0.0
982,72.09907157061237,11.686641387705018,0.3732492102779802,41.30411346902417,0.0
983,74.85686593157406,12.43119673619138,0.3288723662825023,32.7530119335208,0.0
984,93.98919238272829,10.476562522688043,0.6419743967943898,39.69420032654878,1.0
985,71.52490593242237,12.256542710048647,0.20399537047205363,30.835802593622027,0.0
986,79.51019490530145,12.362547893423999,0.28772910664042756,36.10629831275842,0.0
987,77.63208687172701,12.258089143557479,0.3093372374276651,33.903599403666455,0.0
988,74.337107478511,11.679259202388524,0.1869796275326076,38.84689158964991,0.0
989,75.08065751698359,12.21596127233697,0.5411676675578421,33.450770059962835,0.0
990,75.62514842384266,12.400204762613841,0.4516394055253573,31.621633924065478,0.0
991,68.87479539472713,12.377145664906788,0.36021183203924834,34.05747251859496,0.0
992,74.25846785243822,12.594456685737322,0.30720368612837445,31.049024457565725,0.0
993,72.9540472560066,12.354151923600531,0.27877910300988484,36.50219890901462,0.0
994,71.99513997031525,12.175724103770792,0.2048081539977764,30.869833907487358,0.0
995,74.15669912134213,12.535075119158213,0.30774805185188625,35.056915162366316,0.0
996,80.39305958054857,11.98673937037547,0.32577525401427504,30.844376360287605,0.0
997,76.92252858380103,11.55906267438614,0.17582394245183755,34.35940439092671,0.0
998,73.2864630306516,11.918466518028119,0.33341764172448973,38.28675631160907,0.0
999,76.71774834406848,11.627548677596776,0.28447409511752514,35.72129578287159,0.0
